Ville,Pays,Prix,idHote,nomHote,nbPassagers,avis,datedebut,datefin,reserver,id
Lyon,Suisse,831,3,Tremblay,01,03,10/12/2024,23/01/2025,0,0
Beaune,Italie,1012,5,Seb,15,00,03/11/2023,22/12/2023,0,1
Malaucene,Portugal,1810,8,Elliott,25,03,08/10/2024,28/11/2024,0,2
Londres,France,997,6,Wadii,15,04,24/07/2023,27/08/2023,0,3
Nice,France,853,3,Tremblay,04,01,14/06/2024,20/07/2024,0,4
Singapour,Portugal,260,8,Elliott,14,04,02/11/2023,27/12/2023,0,5
Malaucene,Suede,406,3,Tremblay,09,05,12/08/2023,24/09/2023,0,6
Porto,Italie,852,3,Tremblay,24,02,16/12/2023,26/01/2024,0,7
Gabon,Italie,462,7,Lucas,20,03,08/06/2024,18/07/2024,0,8
Lyon,USA,91,8,Elliott,16,00,11/10/2024,26/11/2024,0,9
Londres,Canada,1231,7,Lucas,28,04,05/03/2024,28/04/2024,0,10
Entrechaux,Italie,621,1,Dupont,05,03,25/08/2024,27/09/2024,0,11
Saint-etienne,Espagne,1156,1,Dupont,23,00,02/12/2023,10/01/2024,0,12
Montpellier,Canada,719,7,Lucas,02,03,22/08/2024,27/09/2024,0,13
Beaune,Espagne,1674,5,Seb,02,03,28/02/2023,28/03/2023,0,14
Carpentras,Suisse,30,5,Seb,27,00,16/05/2024,28/06/2024,0,15
Renne,USA,767,3,Tremblay,22,05,01/04/2023,20/05/2023,0,16
Barcelone,Portugal,677,5,Seb,02,01,09/05/2024,19/06/2024,0,17
Beaune,Allemagne,969,7,Lucas,13,04,27/11/2023,28/12/2023,0,18
Beaune,Canada,1864,1,Dupont,05,04,17/11/2023,22/12/2023,0,19
Beaune,USA,894,4,Gagnon,05,05,02/05/2024,18/06/2024,0,20
Carpentras,France,1216,7,Lucas,09,01,10/12/2024,24/01/2025,0,21
Singapour,Allemagne,1995,2,Martin,14,01,12/04/2024,28/05/2024,0,22
Singapour,Chine,941,5,Seb,24,03,03/03/2023,16/04/2023,0,23
Avignon,Portugal,1574,4,Gagnon,24,00,07/05/2024,12/06/2024,0,24
Londres,Allemagne,946,8,Elliott,23,01,21/08/2024,26/09/2024,0,25
Porto,Italie,924,6,Wadii,06,02,04/03/2024,18/04/2024,0,26
Entrechaux,Espagne,1602,4,Gagnon,16,00,18/10/2023,28/11/2023,0,27
Malaucene,Allemagne,1986,6,Wadii,12,04,21/04/2024,28/05/2024,0,28
Gabon,Allemagne,1716,8,Elliott,11,05,19/09/2024,26/10/2024,0,29
Saint-etienne,Suisse,1427,7,Lucas,02,04,28/05/2023,28/06/2023,0,30
Singapour,Suisse,310,7,Lucas,21,04,01/12/2023,25/01/2024,0,31
Montpellier,Chine,405,7,Lucas,12,05,25/03/2023,28/04/2023,0,32
Lyon,USA,761,8,Elliott,05,05,26/06/2023,26/07/2023,0,33
Carpentras,Chine,1093,6,Wadii,23,04,12/03/2024,23/04/2024,0,34
Singapour,Chine,402,4,Gagnon,08,02,10/07/2023,20/08/2023,0,35
Orange,Allemagne,187,6,Wadii,08,03,28/05/2023,28/06/2023,0,36
Londres,Portugal,879,6,Wadii,08,01,17/11/2023,27/12/2023,0,37
Saint-etienne,Suede,797,3,Tremblay,08,05,02/11/2024,26/12/2024,0,38
Barcelone,Suede,1846,6,Wadii,25,04,13/03/2023,18/04/2023,0,39
Nice,Allemagne,688,7,Lucas,15,00,13/02/2023,17/03/2023,0,40
Reims,Italie,1175,2,Martin,17,00,19/04/2023,26/05/2023,0,41
Singapour,USA,1813,1,Dupont,22,03,05/08/2024,06/09/2024,0,42
Gabon,USA,620,6,Wadii,18,02,05/12/2023,21/01/2024,0,43
Porto,USA,423,1,Dupont,08,05,02/09/2024,20/10/2024,0,44
Renne,Allemagne,650,8,Elliott,09,01,01/12/2023,15/01/2024,0,45
Montpellier,Italie,84,7,Lucas,25,02,08/06/2024,18/07/2024,0,46
Montfavet,Suede,1352,5,Seb,17,00,20/04/2024,25/05/2024,0,47
Madrid,France,1811,6,Wadii,26,02,23/08/2024,28/09/2024,0,48
Tokyo,Allemagne,1125,4,Gagnon,05,05,12/06/2023,28/07/2023,0,49
Carpentras,Allemagne,755,8,Elliott,15,02,14/04/2023,25/05/2023,0,50
Porto,Suede,1271,7,Lucas,12,03,13/09/2024,20/10/2024,0,51
Singapour,Canada,1469,3,Tremblay,22,05,21/01/2023,28/02/2023,0,52
Entrechaux,Suisse,1535,1,Dupont,13,04,22/02/2023,28/03/2023,0,53
Barcelone,France,1987,7,Lucas,24,04,03/06/2024,05/07/2024,0,54
Renne,Canada,1001,8,Elliott,02,01,07/08/2024,23/09/2024,0,55
Paris,Allemagne,1355,3,Tremblay,08,02,04/11/2023,16/12/2023,0,56
Beaune,Portugal,1495,7,Lucas,14,03,02/11/2024,27/12/2024,0,57
Beaune,Suede,1796,7,Lucas,02,00,18/06/2023,25/07/2023,0,58
Avignon,France,408,3,Tremblay,15,02,25/05/2023,28/06/2023,0,59
Beaune,Suede,346,3,Tremblay,20,02,03/02/2024,23/03/2024,0,60
Paris,Allemagne,231,4,Gagnon,22,04,10/12/2023,17/01/2024,0,61
Paris,Suisse,677,5,Seb,20,05,28/09/2023,28/10/2023,0,62
Montfavet,Canada,77,2,Martin,13,02,05/05/2024,07/06/2024,0,63
Montpellier,Suede,754,8,Elliott,25,02,14/03/2024,18/04/2024,0,64
Beaune,Allemagne,111,1,Dupont,22,01,14/02/2024,25/03/2024,0,65
Porto,Suede,538,8,Elliott,22,00,22/04/2024,28/05/2024,0,66
Porto,Italie,1482,7,Lucas,16,03,11/01/2024,24/02/2024,0,67
Entrechaux,Suede,1489,5,Seb,08,01,24/02/2024,26/03/2024,0,68
Beaune,Portugal,1191,8,Elliott,23,02,23/04/2023,27/05/2023,0,69
Madrid,Suede,1678,2,Martin,08,00,23/06/2024,28/07/2024,0,70
Madrid,Allemagne,621,6,Wadii,03,05,06/12/2023,23/01/2024,0,71
Singapour,Portugal,606,8,Elliott,22,00,06/11/2023,28/12/2023,0,72
Beaune,France,1474,1,Dupont,11,04,06/06/2023,15/07/2023,0,73
Tokyo,USA,1793,1,Dupont,17,05,24/03/2024,28/04/2024,0,74
Beaune,Suisse,1663,3,Tremblay,08,04,23/08/2024,26/09/2024,0,75
Singapour,USA,935,8,Elliott,21,02,13/07/2023,22/08/2023,0,76
Singapour,Chine,477,6,Wadii,06,01,09/08/2023,21/09/2023,0,77
Montpellier,Portugal,1238,8,Elliott,19,03,16/10/2023,27/11/2023,0,78
Paris,Italie,867,5,Seb,21,01,14/07/2023,24/08/2023,0,79
Dublin,Espagne,1291,4,Gagnon,19,01,18/11/2024,27/12/2024,0,80
Avignon,Allemagne,1595,6,Wadii,18,05,11/11/2024,23/12/2024,0,81
Beaune,Suisse,1396,1,Dupont,23,01,18/04/2024,27/05/2024,0,82
Lyon,Italie,90,5,Seb,05,03,09/02/2023,24/03/2023,0,83
Reims,Suede,1380,4,Gagnon,12,02,27/07/2024,28/08/2024,0,84
Porto,Espagne,791,6,Wadii,18,03,09/10/2024,25/11/2024,0,85
Carpentras,Italie,1680,6,Wadii,20,04,04/08/2023,27/09/2023,0,86
Saint-etienne,USA,1278,8,Elliott,02,05,07/06/2024,15/07/2024,0,87
Renne,Espagne,1440,8,Elliott,18,00,28/01/2024,28/02/2024,0,88
Paris,Espagne,1572,4,Gagnon,08,00,21/12/2023,27/01/2024,0,89
Barcelone,Canada,1251,5,Seb,01,04,18/12/2023,26/01/2024,0,90
Carpentras,USA,208,7,Lucas,02,00,09/08/2023,23/09/2023,0,91
Dublin,France,1698,8,Elliott,11,04,10/08/2024,21/09/2024,0,92
Avignon,USA,1848,2,Martin,07,02,25/04/2023,25/05/2023,0,93
Carpentras,Allemagne,1524,6,Wadii,25,04,20/06/2023,27/07/2023,0,94
Singapour,Italie,242,3,Tremblay,06,03,11/12/2023,23/01/2024,0,95
Londres,Suisse,1779,3,Tremblay,28,02,22/05/2024,28/06/2024,0,96
Avignon,Italie,1184,4,Gagnon,20,01,04/03/2023,28/04/2023,0,97
Renne,Chine,347,2,Martin,13,05,26/01/2023,28/02/2023,0,98
Paris,Suisse,1744,6,Wadii,08,03,25/04/2024,28/05/2024,0,99
Singapour,USA,909,6,Wadii,22,00,10/02/2023,27/03/2023,0,100
Tokyo,Suede,1015,3,Tremblay,04,03,07/03/2023,28/04/2023,0,101
Nice,Canada,133,6,Wadii,01,04,04/04/2024,26/05/2024,0,102
Gabon,Suede,55,7,Lucas,12,02,02/05/2023,27/06/2023,0,103
Singapour,Suede,1035,6,Wadii,09,05,22/08/2024,28/09/2024,0,104
Madrid,Allemagne,190,5,Seb,17,01,03/04/2024,05/05/2024,0,105
Vaison,Chine,1248,6,Wadii,23,05,17/04/2023,19/05/2023,0,106
Reims,Suisse,936,2,Martin,23,01,05/01/2023,16/02/2023,0,107
Londres,France,742,2,Martin,14,02,06/04/2024,18/05/2024,0,108
Londres,France,1659,3,Tremblay,19,01,02/09/2024,28/10/2024,0,109
Paris,Portugal,1977,3,Tremblay,26,03,19/11/2024,26/12/2024,0,110
Dublin,Canada,700,6,Wadii,21,01,10/04/2024,26/05/2024,0,111
Beaune,Espagne,1741,2,Martin,24,02,23/02/2024,28/03/2024,0,112
Malaucene,Chine,1263,2,Martin,14,01,07/02/2023,27/03/2023,0,113
Vaison,Portugal,923,5,Seb,21,03,27/05/2024,28/06/2024,0,114
Carpentras,Espagne,1342,5,Seb,16,04,02/10/2024,13/11/2024,0,115
Beaune,Italie,207,2,Martin,08,00,13/03/2024,26/04/2024,0,116
Singapour,Suede,1593,7,Lucas,20,03,26/05/2023,26/06/2023,0,117
Nice,Portugal,483,5,Seb,17,02,14/01/2024,20/02/2024,0,118
Malaucene,Allemagne,584,1,Dupont,13,05,16/07/2024,28/08/2024,0,119
Nice,Portugal,694,7,Lucas,25,00,17/09/2023,28/10/2023,0,120
Reims,Suede,1820,1,Dupont,25,04,04/06/2024,23/07/2024,0,121
Dublin,Italie,769,7,Lucas,14,03,22/01/2023,28/02/2023,0,122
Avignon,Portugal,1958,6,Wadii,22,04,01/09/2023,27/10/2023,0,123
Reims,Canada,391,3,Tremblay,19,00,23/07/2023,25/08/2023,0,124
Avignon,Italie,278,2,Martin,08,03,22/01/2024,27/02/2024,0,125
Malaucene,Espagne,360,4,Gagnon,02,05,22/10/2023,24/11/2023,0,126
Porto,Chine,1211,4,Gagnon,20,01,02/02/2024,26/03/2024,0,127
Singapour,Allemagne,1116,2,Martin,26,02,11/02/2023,25/03/2023,0,128
Porto,Italie,1443,5,Seb,02,01,23/07/2023,26/08/2023,0,129
Entrechaux,USA,1631,6,Wadii,20,05,20/08/2024,28/09/2024,0,130
Paris,France,1365,7,Lucas,09,05,19/07/2024,25/08/2024,0,131
Porto,Suede,636,5,Seb,05,05,24/11/2023,27/12/2023,0,132
Barcelone,France,1700,3,Tremblay,05,02,08/10/2024,28/11/2024,0,133
Malaucene,Suede,1134,3,Tremblay,14,05,16/05/2024,28/06/2024,0,134
Nice,Chine,851,1,Dupont,14,04,26/09/2024,26/10/2024,0,135
Singapour,Espagne,1997,4,Gagnon,23,03,02/06/2023,28/07/2023,0,136
Dublin,Portugal,551,7,Lucas,05,05,24/03/2024,27/04/2024,0,137
Entrechaux,Chine,509,6,Wadii,21,04,20/05/2023,25/06/2023,0,138
Beaune,Portugal,154,4,Gagnon,05,01,21/06/2024,28/07/2024,0,139
Renne,USA,532,2,Martin,07,03,18/12/2024,28/01/2025,0,140
Montfavet,Italie,1644,2,Martin,17,00,28/02/2023,28/03/2023,0,141
Montpellier,France,1472,6,Wadii,27,00,16/11/2024,25/12/2024,0,142
Malaucene,Canada,219,3,Tremblay,23,00,08/05/2023,17/06/2023,0,143
Singapour,Chine,58,2,Martin,07,01,12/11/2023,27/12/2023,0,144
Carpentras,Canada,1039,8,Elliott,16,05,28/01/2024,28/02/2024,0,145
Porto,Chine,723,4,Gagnon,11,00,04/08/2023,16/09/2023,0,146
Carpentras,France,1305,3,Tremblay,16,02,08/06/2023,21/07/2023,0,147
Dublin,Chine,1147,7,Lucas,21,00,17/06/2023,28/07/2023,0,148
Gabon,Canada,1483,8,Elliott,27,03,19/10/2024,28/11/2024,0,149
Reims,Espagne,715,6,Wadii,04,02,18/06/2024,27/07/2024,0,150
Singapour,Suisse,717,1,Dupont,27,03,26/02/2024,28/03/2024,0,151
Vaison,Portugal,675,8,Elliott,25,01,04/06/2024,28/07/2024,0,152
Porto,Espagne,1506,1,Dupont,20,04,13/08/2023,22/09/2023,0,153
Montpellier,Italie,1173,8,Elliott,08,04,15/02/2023,21/03/2023,0,154
Paris,Suisse,928,1,Dupont,04,01,06/08/2024,18/09/2024,0,155
Entrechaux,Canada,1372,4,Gagnon,09,03,08/05/2024,24/06/2024,0,156
Saint-etienne,Italie,499,1,Dupont,23,00,23/11/2024,24/12/2024,0,157
Tokyo,Suede,1812,3,Tremblay,22,02,25/10/2024,27/11/2024,0,158
Saint-etienne,Portugal,748,3,Tremblay,28,02,04/04/2024,23/05/2024,0,159
Montfavet,Espagne,556,1,Dupont,01,01,24/08/2024,27/09/2024,0,160
Renne,Suede,144,6,Wadii,24,03,05/06/2023,24/07/2023,0,161
Montfavet,Italie,288,1,Dupont,20,03,28/01/2024,28/02/2024,0,162
Montfavet,Italie,763,2,Martin,23,04,24/06/2023,27/07/2023,0,163
Porto,Allemagne,507,3,Tremblay,12,01,17/02/2023,28/03/2023,0,164
Dublin,Portugal,1100,3,Tremblay,06,00,07/03/2024,21/04/2024,0,165
Malaucene,France,993,1,Dupont,22,02,21/03/2023,28/04/2023,0,166
Beaune,USA,219,4,Gagnon,12,02,06/10/2024,17/11/2024,0,167
Tokyo,Canada,1947,3,Tremblay,17,01,16/03/2023,28/04/2023,0,168
Nice,Canada,1679,5,Seb,01,03,15/02/2024,28/03/2024,0,169
Reims,Canada,732,4,Gagnon,08,04,06/05/2024,28/06/2024,0,170
Beaune,Chine,280,3,Tremblay,03,02,04/01/2024,18/02/2024,0,171
Malaucene,Chine,498,5,Seb,01,01,13/04/2023,28/05/2023,0,172
Entrechaux,Allemagne,1116,3,Tremblay,14,01,18/12/2024,19/01/2025,0,173
Beaune,Suede,829,7,Lucas,15,02,22/02/2024,26/03/2024,0,174
Nice,France,512,1,Dupont,01,01,24/01/2024,26/02/2024,0,175
Londres,France,1656,2,Martin,17,04,07/09/2023,28/10/2023,0,176
Paris,Allemagne,1772,6,Wadii,21,00,23/05/2024,28/06/2024,0,177
Saint-etienne,Espagne,1261,3,Tremblay,23,00,17/10/2023,26/11/2023,0,178
Montfavet,Portugal,539,7,Lucas,23,04,27/02/2024,28/03/2024,0,179
Entrechaux,France,1823,3,Tremblay,10,01,12/09/2024,19/10/2024,0,180
Porto,Suisse,1088,1,Dupont,20,05,04/05/2024,26/06/2024,0,181
Saint-etienne,Suede,259,8,Elliott,24,04,22/08/2023,26/09/2023,0,182
Nice,Italie,582,7,Lucas,16,00,03/09/2023,23/10/2023,0,183
Reims,Portugal,1833,3,Tremblay,11,03,26/03/2023,28/04/2023,0,184
Montpellier,Canada,1168,4,Gagnon,19,01,14/07/2023,26/08/2023,0,185
Renne,Suede,1119,5,Seb,17,01,21/08/2024,26/09/2024,0,186
Tokyo,Suede,773,6,Wadii,09,00,09/07/2024,19/08/2024,0,187
Dublin,Portugal,1677,8,Elliott,13,01,19/07/2023,24/08/2023,0,188
Singapour,Espagne,915,1,Dupont,09,02,26/11/2023,28/12/2023,0,189
Tokyo,Suisse,865,8,Elliott,24,00,18/03/2023,22/04/2023,0,190
Malaucene,Allemagne,1065,5,Seb,05,01,22/11/2024,25/12/2024,0,191
Barcelone,France,1482,2,Martin,09,01,11/02/2023,19/03/2023,0,192
Renne,Italie,1583,2,Martin,26,00,20/01/2024,23/02/2024,0,193
Gabon,France,1647,6,Wadii,16,00,03/02/2023,26/03/2023,0,194
Vaison,France,1497,1,Dupont,27,02,18/07/2023,24/08/2023,0,195
Reims,Allemagne,1642,8,Elliott,14,05,16/05/2023,16/06/2023,0,196
Londres,Portugal,332,4,Gagnon,01,03,02/10/2024,25/11/2024,0,197
Vaison,Suisse,281,6,Wadii,14,00,13/06/2024,24/07/2024,0,198
Londres,Suede,285,6,Wadii,13,02,23/03/2024,25/04/2024,0,199
Carpentras,Allemagne,1396,1,Dupont,25,05,20/02/2023,23/03/2023,0,200
Entrechaux,Portugal,1114,8,Elliott,24,00,02/10/2024,26/11/2024,0,201
Orange,Chine,967,4,Gagnon,21,01,22/12/2023,27/01/2024,0,202
Dublin,Italie,789,6,Wadii,12,00,07/01/2024,21/02/2024,0,203
Madrid,Italie,944,3,Tremblay,09,02,18/09/2024,27/10/2024,0,204
Porto,Espagne,1586,8,Elliott,07,03,04/12/2024,22/01/2025,0,205
Londres,Chine,183,6,Wadii,02,01,12/11/2023,21/12/2023,0,206
Barcelone,Espagne,1278,4,Gagnon,27,04,13/09/2023,24/10/2023,0,207
Vaison,France,161,1,Dupont,03,00,25/04/2023,26/05/2023,0,208
Singapour,Italie,828,4,Gagnon,06,03,23/06/2024,26/07/2024,0,209
Dublin,Espagne,111,8,Elliott,13,00,05/09/2024,26/10/2024,0,210
Beaune,Canada,109,8,Elliott,23,05,07/02/2024,25/03/2024,0,211
Madrid,Portugal,1797,7,Lucas,14,02,07/10/2023,28/11/2023,0,212
Lyon,USA,607,1,Dupont,19,00,18/04/2023,27/05/2023,0,213
Madrid,USA,600,8,Elliott,28,04,22/03/2023,27/04/2023,0,214
Vaison,Espagne,1284,1,Dupont,19,04,07/10/2024,28/11/2024,0,215
Montfavet,France,1473,6,Wadii,05,01,23/09/2024,28/10/2024,0,216
Dublin,Espagne,1797,3,Tremblay,03,02,14/05/2023,27/06/2023,0,217
Madrid,Italie,1399,3,Tremblay,20,05,17/05/2023,28/06/2023,0,218
Carpentras,USA,1670,8,Elliott,17,05,05/07/2023,26/08/2023,0,219
Tokyo,Espagne,1824,4,Gagnon,13,01,02/12/2024,24/01/2025,0,220
Avignon,Italie,476,3,Tremblay,08,02,14/04/2024,28/05/2024,0,221
Barcelone,Canada,1352,4,Gagnon,23,04,15/04/2023,28/05/2023,0,222
Vaison,Chine,111,3,Tremblay,18,01,18/10/2023,24/11/2023,0,223
Nice,USA,55,8,Elliott,16,04,23/01/2023,27/02/2023,0,224
Montpellier,Suede,789,2,Martin,14,05,07/12/2024,25/01/2025,0,225
Reims,France,622,5,Seb,18,04,24/10/2023,27/11/2023,0,226
Barcelone,Suede,299,3,Tremblay,14,00,04/05/2024,23/06/2024,0,227
Paris,Canada,1772,2,Martin,05,00,01/01/2023,21/02/2023,0,228
Madrid,USA,1975,6,Wadii,21,01,04/07/2024,25/08/2024,0,229
Vaison,France,1072,7,Lucas,21,05,14/10/2023,20/11/2023,0,230
Montfavet,Canada,1877,2,Martin,02,03,15/06/2023,22/07/2023,0,231
Londres,France,1988,4,Gagnon,21,00,06/01/2023,27/02/2023,0,232
Entrechaux,Canada,610,8,Elliott,08,01,19/05/2024,27/06/2024,0,233
Singapour,Italie,1071,1,Dupont,16,03,27/03/2023,28/04/2023,0,234
Avignon,France,985,1,Dupont,18,03,18/03/2023,28/04/2023,0,235
Avignon,Canada,150,2,Martin,18,05,05/09/2023,20/10/2023,0,236
Londres,Allemagne,708,2,Martin,16,04,18/01/2024,24/02/2024,0,237
Vaison,Espagne,887,8,Elliott,22,05,25/04/2024,28/05/2024,0,238
Entrechaux,Suisse,869,6,Wadii,09,00,24/06/2024,28/07/2024,0,239
Saint-etienne,Espagne,1843,5,Seb,10,01,05/06/2023,28/07/2023,0,240
Reims,Italie,615,1,Dupont,04,05,18/04/2024,22/05/2024,0,241
Malaucene,Portugal,615,8,Elliott,13,02,02/05/2024,18/06/2024,0,242
Londres,Chine,60,1,Dupont,03,05,02/04/2023,20/05/2023,0,243
Paris,Portugal,1055,8,Elliott,23,05,11/09/2023,28/10/2023,0,244
Singapour,Portugal,518,1,Dupont,24,05,27/11/2024,28/12/2024,0,245
Renne,Chine,911,4,Gagnon,09,04,25/08/2023,27/09/2023,0,246
Lyon,Canada,855,4,Gagnon,24,02,18/06/2024,21/07/2024,0,247
Malaucene,Espagne,500,3,Tremblay,01,05,07/08/2023,18/09/2023,0,248
Orange,Italie,1429,3,Tremblay,25,03,27/10/2023,27/11/2023,0,249
Vaison,USA,1277,4,Gagnon,11,01,05/06/2024,26/07/2024,0,250
Vaison,Espagne,36,6,Wadii,10,03,21/03/2024,27/04/2024,0,251
Renne,USA,1454,5,Seb,24,02,23/02/2023,27/03/2023,0,252
Tokyo,Suisse,1786,8,Elliott,01,04,12/12/2024,27/01/2025,0,253
Dublin,Italie,1153,7,Lucas,13,02,12/05/2023,27/06/2023,0,254
Renne,Espagne,261,5,Seb,20,01,28/09/2023,28/10/2023,0,255
Orange,Chine,1869,7,Lucas,05,05,18/04/2023,27/05/2023,0,256
Entrechaux,Suede,1474,5,Seb,18,00,08/04/2023,22/05/2023,0,257
Gabon,USA,921,2,Martin,25,03,25/09/2023,28/10/2023,0,258
Renne,USA,1308,4,Gagnon,24,05,07/01/2023,23/02/2023,0,259
Tokyo,Portugal,1142,1,Dupont,28,04,08/11/2023,13/12/2023,0,260
Paris,Suede,842,4,Gagnon,13,05,06/09/2023,16/10/2023,0,261
Barcelone,Chine,1014,6,Wadii,05,02,20/04/2023,27/05/2023,0,262
Montpellier,USA,869,4,Gagnon,18,05,21/10/2023,28/11/2023,0,263
Lyon,Canada,841,3,Tremblay,11,04,23/07/2024,26/08/2024,0,264
Paris,Espagne,288,8,Elliott,11,05,03/07/2023,17/08/2023,0,265
Singapour,France,1790,7,Lucas,23,00,06/03/2023,28/04/2023,0,266
Vaison,Allemagne,930,4,Gagnon,15,01,04/07/2024,20/08/2024,0,267
Orange,Italie,1292,5,Seb,22,04,26/06/2023,28/07/2023,0,268
Saint-etienne,Suede,1285,7,Lucas,02,04,15/04/2023,26/05/2023,0,269
Vaison,Italie,1154,8,Elliott,23,00,21/04/2024,27/05/2024,0,270
Malaucene,Allemagne,1561,8,Elliott,22,04,23/08/2024,27/09/2024,0,271
Malaucene,Espagne,1461,1,Dupont,12,02,14/07/2024,26/08/2024,0,272
Montfavet,Portugal,1167,8,Elliott,17,00,01/07/2023,27/08/2023,0,273
Entrechaux,USA,622,6,Wadii,15,00,14/12/2023,25/01/2024,0,274
Reims,Suede,815,1,Dupont,15,00,19/04/2024,27/05/2024,0,275
Avignon,Portugal,1871,3,Tremblay,26,00,15/07/2024,18/08/2024,0,276
Lyon,Espagne,290,7,Lucas,14,01,06/11/2023,20/12/2023,0,277
Vaison,Portugal,81,3,Tremblay,19,05,07/01/2023,13/02/2023,0,278
Singapour,Italie,124,3,Tremblay,15,00,28/10/2023,28/11/2023,0,279
Gabon,Portugal,1084,8,Elliott,24,00,01/07/2024,15/08/2024,0,280
Renne,Espagne,1687,3,Tremblay,11,02,11/06/2024,25/07/2024,0,281
Paris,Suede,1005,4,Gagnon,28,00,08/09/2024,20/10/2024,0,282
Madrid,Allemagne,388,8,Elliott,15,00,12/10/2024,22/11/2024,0,283
Porto,Allemagne,1679,6,Wadii,06,02,02/09/2024,25/10/2024,0,284
Madrid,Espagne,699,6,Wadii,09,00,03/01/2023,21/02/2023,0,285
Orange,Espagne,1454,3,Tremblay,01,00,01/12/2024,27/01/2025,0,286
Malaucene,Portugal,772,2,Martin,01,02,07/05/2023,28/06/2023,0,287
Dublin,USA,138,5,Seb,07,00,06/12/2023,13/01/2024,0,288
Porto,Allemagne,1792,8,Elliott,22,02,06/05/2023,28/06/2023,0,289
Nice,Canada,595,2,Martin,22,04,09/03/2023,13/04/2023,0,290
Lyon,Allemagne,1388,5,Seb,06,03,18/06/2024,26/07/2024,0,291
Nice,Allemagne,1533,8,Elliott,19,05,14/01/2024,28/02/2024,0,292
Vaison,France,1047,7,Lucas,06,05,25/04/2023,28/05/2023,0,293
Paris,Portugal,224,2,Martin,28,00,25/08/2024,26/09/2024,0,294
Carpentras,Canada,657,3,Tremblay,20,04,17/09/2024,28/10/2024,0,295
Montfavet,Chine,246,8,Elliott,18,04,03/03/2023,13/04/2023,0,296
Madrid,USA,855,1,Dupont,12,05,07/02/2023,24/03/2023,0,297
Malaucene,Suisse,1105,4,Gagnon,12,04,16/08/2024,25/09/2024,0,298
Gabon,Suisse,847,5,Seb,19,04,15/01/2023,27/02/2023,0,299
Porto,Portugal,1689,4,Gagnon,28,03,25/05/2023,28/06/2023,0,300
Paris,Portugal,1021,1,Dupont,20,02,10/07/2023,25/08/2023,0,301
Nice,Canada,1386,8,Elliott,06,01,11/09/2024,17/10/2024,0,302
Madrid,Chine,1485,8,Elliott,01,04,23/01/2024,26/02/2024,0,303
Malaucene,Canada,1116,8,Elliott,17,03,07/10/2024,17/11/2024,0,304
Paris,Chine,960,5,Seb,17,01,15/04/2023,19/05/2023,0,305
Londres,Suisse,396,3,Tremblay,03,03,13/08/2024,22/09/2024,0,306
Porto,Espagne,55,3,Tremblay,07,02,06/01/2023,20/02/2023,0,307
Montfavet,Suede,319,3,Tremblay,22,05,01/06/2023,16/07/2023,0,308
Gabon,Suede,831,3,Tremblay,17,00,28/10/2023,28/11/2023,0,309
Singapour,Suede,330,5,Seb,21,02,22/02/2023,22/03/2023,0,310
Avignon,Allemagne,104,2,Martin,14,01,27/04/2024,28/05/2024,0,311
Londres,Suisse,1407,4,Gagnon,03,02,23/02/2023,28/03/2023,0,312
Paris,Espagne,1542,1,Dupont,04,01,16/09/2024,28/10/2024,0,313
Vaison,France,60,7,Lucas,03,01,27/02/2023,27/03/2023,0,314
Saint-etienne,Italie,1021,7,Lucas,18,03,21/12/2023,26/01/2024,0,315
Singapour,USA,1927,5,Seb,12,03,14/01/2023,24/02/2023,0,316
Londres,Suisse,1604,2,Martin,03,00,12/02/2023,27/03/2023,0,317
Porto,France,113,6,Wadii,05,01,12/03/2024,27/04/2024,0,318
Barcelone,Espagne,1117,7,Lucas,28,05,28/11/2023,28/12/2023,0,319
Saint-etienne,Espagne,270,4,Gagnon,03,05,21/02/2024,25/03/2024,0,320
Saint-etienne,France,177,3,Tremblay,06,01,23/03/2024,27/04/2024,0,321
Barcelone,Suede,1389,5,Seb,18,05,20/02/2023,24/03/2023,0,322
Dublin,Suisse,452,6,Wadii,03,05,04/01/2023,07/02/2023,0,323
Saint-etienne,Suede,1325,7,Lucas,12,04,11/09/2023,27/10/2023,0,324
Entrechaux,Suisse,1537,8,Elliott,21,05,05/08/2023,28/09/2023,0,325
Montpellier,Suisse,1071,3,Tremblay,03,04,28/11/2023,28/12/2023,0,326
Reims,Italie,1144,8,Elliott,22,00,12/05/2023,27/06/2023,0,327
Avignon,Allemagne,742,6,Wadii,19,05,03/01/2023,26/02/2023,0,328
Entrechaux,Chine,497,7,Lucas,22,05,20/04/2023,28/05/2023,0,329
Nice,Suede,1009,8,Elliott,16,01,15/06/2023,27/07/2023,0,330
Madrid,Espagne,982,5,Seb,03,05,15/08/2023,28/09/2023,0,331
Carpentras,Espagne,1872,4,Gagnon,19,03,14/02/2023,28/03/2023,0,332
Porto,Chine,548,6,Wadii,15,00,17/06/2023,25/07/2023,0,333
Malaucene,Suede,1231,7,Lucas,20,02,17/09/2023,25/10/2023,0,334
Porto,France,437,4,Gagnon,26,04,13/05/2023,19/06/2023,0,335
Vaison,France,1104,8,Elliott,14,00,07/05/2024,23/06/2024,0,336
Barcelone,USA,1588,7,Lucas,08,02,22/11/2024,26/12/2024,0,337
Entrechaux,Allemagne,1130,2,Martin,03,02,11/12/2023,24/01/2024,0,338
Montfavet,Suede,1110,6,Wadii,02,00,23/02/2023,27/03/2023,0,339
Saint-etienne,Italie,537,1,Dupont,28,01,01/05/2023,28/06/2023,0,340
Londres,Canada,410,2,Martin,04,01,21/07/2023,26/08/2023,0,341
Malaucene,Canada,721,5,Seb,02,00,01/04/2023,25/05/2023,0,342
Beaune,Suede,1429,7,Lucas,24,03,02/05/2024,22/06/2024,0,343
Malaucene,Italie,497,1,Dupont,17,00,14/07/2023,21/08/2023,0,344
Reims,Allemagne,1073,2,Martin,26,00,27/03/2024,28/04/2024,0,345
Vaison,Italie,819,8,Elliott,09,05,12/09/2024,28/10/2024,0,346
Barcelone,Portugal,883,8,Elliott,04,03,11/12/2023,26/01/2024,0,347
Tokyo,Allemagne,1552,7,Lucas,15,04,27/12/2023,28/01/2024,0,348
Beaune,Portugal,413,1,Dupont,08,02,09/05/2023,28/06/2023,0,349
Avignon,Portugal,1236,2,Martin,15,05,04/09/2024,28/10/2024,0,350
Carpentras,Suisse,1145,6,Wadii,16,01,03/09/2024,27/10/2024,0,351
Barcelone,Allemagne,627,8,Elliott,20,03,21/05/2024,26/06/2024,0,352
Dublin,Suisse,149,5,Seb,11,03,11/08/2024,25/09/2024,0,353
Malaucene,USA,282,3,Tremblay,13,02,01/01/2023,20/02/2023,0,354
Carpentras,France,1691,1,Dupont,16,05,27/11/2024,28/12/2024,0,355
Barcelone,Chine,1189,6,Wadii,25,00,17/02/2024,28/03/2024,0,356
Malaucene,Canada,523,5,Seb,16,03,01/12/2024,27/01/2025,0,357
Gabon,Portugal,879,3,Tremblay,03,03,27/08/2024,28/09/2024,0,358
Entrechaux,Italie,1499,5,Seb,24,01,01/09/2024,23/10/2024,0,359
Dublin,Suede,440,2,Martin,20,01,15/11/2024,24/12/2024,0,360
Singapour,Suede,512,5,Seb,28,02,13/01/2024,23/02/2024,0,361
Nice,Suede,1915,2,Martin,12,00,11/05/2024,25/06/2024,0,362
Avignon,Suede,1766,5,Seb,01,02,09/09/2023,24/10/2023,0,363
Madrid,Chine,1290,3,Tremblay,11,03,12/04/2023,27/05/2023,0,364
Malaucene,Allemagne,1272,6,Wadii,09,01,15/04/2024,26/05/2024,0,365
Montpellier,Chine,294,7,Lucas,03,03,28/02/2024,28/03/2024,0,366
Londres,Allemagne,1821,7,Lucas,02,02,27/03/2023,28/04/2023,0,367
Malaucene,Portugal,1544,4,Gagnon,24,02,10/12/2023,18/01/2024,0,368
Orange,Allemagne,1084,6,Wadii,22,00,08/12/2024,20/01/2025,0,369
Vaison,Suede,585,5,Seb,01,03,03/02/2024,23/03/2024,0,370
Beaune,Espagne,1871,3,Tremblay,20,01,12/04/2024,15/05/2024,0,371
Montfavet,Espagne,380,1,Dupont,05,04,04/07/2023,21/08/2023,0,372
Montfavet,Allemagne,1767,2,Martin,12,00,20/01/2023,28/02/2023,0,373
Beaune,Italie,1377,1,Dupont,12,00,08/04/2024,21/05/2024,0,374
Entrechaux,Allemagne,1805,1,Dupont,13,05,07/09/2023,08/10/2023,0,375
Gabon,Chine,1141,2,Martin,14,00,14/06/2024,27/07/2024,0,376
Avignon,Chine,947,3,Tremblay,11,03,19/10/2023,23/11/2023,0,377
Saint-etienne,Suede,381,2,Martin,20,05,24/07/2023,28/08/2023,0,378
Beaune,Suede,225,5,Seb,10,02,01/08/2023,27/09/2023,0,379
Malaucene,Suisse,143,2,Martin,28,03,26/11/2024,26/12/2024,0,380
Beaune,Allemagne,1656,8,Elliott,13,01,09/12/2023,28/01/2024,0,381
Saint-etienne,Allemagne,1265,2,Martin,18,01,24/07/2024,27/08/2024,0,382
Renne,Canada,60,1,Dupont,28,02,01/03/2024,26/04/2024,0,383
Malaucene,France,628,2,Martin,06,03,10/10/2023,17/11/2023,0,384
Saint-etienne,Allemagne,1947,2,Martin,28,05,09/06/2024,27/07/2024,0,385
Londres,Suede,1134,5,Seb,27,02,14/03/2024,25/04/2024,0,386
Nice,USA,111,1,Dupont,03,05,16/04/2023,28/05/2023,0,387
Porto,Canada,26,7,Lucas,04,00,08/05/2024,19/06/2024,0,388
Lyon,USA,703,7,Lucas,24,04,24/12/2024,25/01/2025,0,389
Dublin,USA,232,2,Martin,18,00,03/03/2023,21/04/2023,0,390
Nice,Portugal,968,8,Elliott,26,01,22/08/2023,27/09/2023,0,391
Carpentras,Italie,353,4,Gagnon,19,03,03/04/2023,27/05/2023,0,392
Beaune,Allemagne,1555,7,Lucas,20,03,17/06/2023,23/07/2023,0,393
Barcelone,USA,1986,7,Lucas,28,03,24/06/2023,27/07/2023,0,394
Singapour,Portugal,1312,8,Elliott,02,01,11/07/2024,28/08/2024,0,395
Lyon,Canada,1365,3,Tremblay,05,02,17/05/2023,28/06/2023,0,396
Beaune,Suisse,411,5,Seb,26,01,08/09/2023,20/10/2023,0,397
Londres,Canada,1675,4,Gagnon,19,00,25/05/2023,26/06/2023,0,398
Singapour,Suede,285,3,Tremblay,15,03,17/04/2024,28/05/2024,0,399
Avignon,Italie,1897,3,Tremblay,15,00,05/03/2023,26/04/2023,0,400
Beaune,Chine,895,1,Dupont,06,04,04/05/2024,12/06/2024,0,401
Dublin,Canada,470,7,Lucas,02,05,22/11/2023,24/12/2023,0,402
Madrid,Chine,275,2,Martin,14,02,08/02/2023,27/03/2023,0,403
Montfavet,Espagne,479,5,Seb,01,00,03/02/2024,26/03/2024,0,404
Malaucene,Canada,1361,1,Dupont,02,05,06/09/2024,20/10/2024,0,405
Montfavet,Chine,940,4,Gagnon,13,02,16/12/2024,21/01/2025,0,406
Porto,Chine,1005,3,Tremblay,13,04,07/03/2023,23/04/2023,0,407
Avignon,Portugal,1776,5,Seb,25,01,26/09/2024,26/10/2024,0,408
Paris,Canada,998,6,Wadii,05,00,21/02/2023,24/03/2023,0,409
Entrechaux,USA,1335,7,Lucas,20,01,02/10/2023,28/11/2023,0,410
Porto,Italie,1663,1,Dupont,17,00,27/10/2023,28/11/2023,0,411
Montpellier,Canada,341,2,Martin,18,01,13/11/2024,18/12/2024,0,412
Orange,Canada,958,1,Dupont,25,00,16/02/2024,23/03/2024,0,413
Madrid,Espagne,326,1,Dupont,21,00,08/01/2023,27/02/2023,0,414
Madrid,Chine,658,5,Seb,17,01,06/01/2024,28/02/2024,0,415
Beaune,Chine,1766,4,Gagnon,08,01,18/09/2023,25/10/2023,0,416
Orange,Suede,365,8,Elliott,24,02,26/11/2023,27/12/2023,0,417
Montpellier,Allemagne,393,4,Gagnon,13,05,21/10/2023,26/11/2023,0,418
Vaison,Canada,50,5,Seb,20,04,26/05/2024,28/06/2024,0,419
Dublin,Espagne,1978,8,Elliott,20,02,05/01/2023,28/02/2023,0,420
Lyon,Allemagne,1281,7,Lucas,16,02,17/01/2023,25/02/2023,0,421
Lyon,Suisse,218,3,Tremblay,07,02,24/01/2023,27/02/2023,0,422
Singapour,Portugal,467,8,Elliott,05,05,25/08/2024,27/09/2024,0,423
Londres,Canada,39,6,Wadii,03,00,22/08/2023,27/09/2023,0,424
Singapour,USA,259,1,Dupont,20,02,10/10/2023,25/11/2023,0,425
Paris,Canada,1153,7,Lucas,28,05,28/09/2024,28/10/2024,0,426
Saint-etienne,Suisse,409,4,Gagnon,17,01,16/09/2023,24/10/2023,0,427
Madrid,France,518,7,Lucas,06,05,01/06/2024,27/07/2024,0,428
Madrid,Espagne,850,5,Seb,03,02,13/04/2023,19/05/2023,0,429
Avignon,USA,1934,2,Martin,25,03,08/01/2023,28/02/2023,0,430
Renne,Suede,1642,4,Gagnon,15,04,16/08/2023,24/09/2023,0,431
Renne,Portugal,1132,7,Lucas,16,01,07/12/2023,21/01/2024,0,432
Tokyo,Italie,118,8,Elliott,23,04,06/05/2023,27/06/2023,0,433
Dublin,France,1505,3,Tremblay,21,03,13/10/2023,22/11/2023,0,434
Dublin,France,1778,3,Tremblay,20,00,27/10/2024,28/11/2024,0,435
Renne,USA,551,3,Tremblay,09,03,21/08/2023,28/09/2023,0,436
Beaune,Espagne,85,2,Martin,15,04,17/01/2023,22/02/2023,0,437
Vaison,Chine,865,4,Gagnon,06,04,27/04/2024,28/05/2024,0,438
Barcelone,France,164,3,Tremblay,28,05,10/01/2024,16/02/2024,0,439
Gabon,Espagne,636,5,Seb,22,00,09/07/2023,24/08/2023,0,440
Malaucene,Espagne,1363,4,Gagnon,11,05,09/07/2024,28/08/2024,0,441
Singapour,Chine,1005,7,Lucas,03,00,11/09/2024,22/10/2024,0,442
Dublin,Suisse,646,8,Elliott,05,05,01/05/2024,28/06/2024,0,443
Orange,Portugal,1532,2,Martin,11,03,21/03/2024,27/04/2024,0,444
Dublin,Chine,79,3,Tremblay,28,04,24/04/2024,27/05/2024,0,445
Dublin,France,1635,4,Gagnon,08,04,11/05/2024,17/06/2024,0,446
Madrid,Suisse,931,8,Elliott,24,05,17/09/2024,22/10/2024,0,447
Avignon,Italie,1004,3,Tremblay,01,04,21/11/2024,26/12/2024,0,448
Montpellier,Espagne,1653,1,Dupont,28,00,16/03/2024,19/04/2024,0,449
Porto,Espagne,917,3,Tremblay,08,04,06/03/2023,24/04/2023,0,450
Paris,USA,565,6,Wadii,01,02,18/09/2023,27/10/2023,0,451
Barcelone,Italie,1530,1,Dupont,15,05,08/08/2024,16/09/2024,0,452
Avignon,Canada,1361,4,Gagnon,01,00,18/03/2023,26/04/2023,0,453
Tokyo,Espagne,564,5,Seb,19,00,14/03/2023,24/04/2023,0,454
Gabon,Canada,350,5,Seb,14,03,25/04/2024,28/05/2024,0,455
Beaune,Canada,302,4,Gagnon,17,04,14/09/2024,23/10/2024,0,456
Londres,Suede,1062,5,Seb,06,05,18/07/2023,28/08/2023,0,457
Tokyo,Portugal,1385,5,Seb,25,03,24/09/2023,28/10/2023,0,458
Entrechaux,Italie,1162,1,Dupont,14,05,17/05/2024,28/06/2024,0,459
Vaison,Suede,152,7,Lucas,05,01,11/08/2023,28/09/2023,0,460
Barcelone,Suisse,63,7,Lucas,21,01,17/10/2024,27/11/2024,0,461
Malaucene,France,497,7,Lucas,15,03,26/01/2024,28/02/2024,0,462
Vaison,Allemagne,184,5,Seb,12,03,10/02/2023,26/03/2023,0,463
Renne,Italie,1589,1,Dupont,21,04,06/10/2023,25/11/2023,0,464
Nice,Allemagne,585,6,Wadii,14,03,22/06/2024,28/07/2024,0,465
Dublin,Canada,1997,8,Elliott,05,05,22/02/2023,28/03/2023,0,466
Madrid,Suisse,1856,3,Tremblay,26,03,28/03/2024,28/04/2024,0,467
Montpellier,USA,295,5,Seb,13,01,22/09/2023,28/10/2023,0,468
Montfavet,Italie,1007,4,Gagnon,21,03,02/08/2023,25/09/2023,0,469
Dublin,USA,1672,4,Gagnon,04,05,01/03/2023,11/04/2023,0,470
Reims,Suede,1356,8,Elliott,15,02,04/09/2024,26/10/2024,0,471
Londres,Suisse,915,4,Gagnon,09,00,21/08/2024,24/09/2024,0,472
Carpentras,Italie,992,1,Dupont,02,05,26/01/2023,28/02/2023,0,473
Reims,Suede,875,1,Dupont,07,02,05/09/2023,21/10/2023,0,474
Lyon,Portugal,816,8,Elliott,17,00,01/08/2023,09/09/2023,0,475
Malaucene,Chine,1718,4,Gagnon,15,05,21/01/2023,26/02/2023,0,476
Barcelone,Portugal,1276,6,Wadii,13,03,18/01/2023,28/02/2023,0,477
Tokyo,Portugal,910,3,Tremblay,18,00,27/06/2023,28/07/2023,0,478
Renne,USA,739,7,Lucas,16,02,16/03/2023,24/04/2023,0,479
Madrid,Suede,1216,8,Elliott,21,01,19/06/2024,26/07/2024,0,480
Singapour,Espagne,1211,6,Wadii,24,01,12/12/2024,25/01/2025,0,481
Orange,Canada,1776,6,Wadii,21,03,28/07/2023,28/08/2023,0,482
Tokyo,Canada,604,7,Lucas,27,01,28/08/2024,28/09/2024,0,483
Paris,Espagne,1498,4,Gagnon,04,01,20/10/2023,23/11/2023,0,484
Vaison,Suede,1566,7,Lucas,12,04,19/12/2024,28/01/2025,0,485
Lyon,Portugal,1979,6,Wadii,23,00,28/12/2024,28/01/2025,0,486
Tokyo,Canada,353,8,Elliott,15,01,07/09/2024,19/10/2024,0,487
Carpentras,France,1175,1,Dupont,17,01,19/08/2023,27/09/2023,0,488
Porto,Portugal,176,8,Elliott,10,04,11/02/2024,27/03/2024,0,489
Dublin,Espagne,191,3,Tremblay,20,04,16/12/2024,25/01/2025,0,490
Tokyo,USA,119,6,Wadii,18,04,14/04/2023,22/05/2023,0,491
Montpellier,Portugal,545,8,Elliott,23,02,27/01/2023,27/02/2023,0,492
Carpentras,Chine,233,5,Seb,03,05,15/01/2023,22/02/2023,0,493
Nice,Canada,884,1,Dupont,04,00,09/12/2023,16/01/2024,0,494
Lyon,Allemagne,620,8,Elliott,27,03,13/08/2024,24/09/2024,0,495
Paris,Espagne,1497,6,Wadii,26,04,20/05/2024,25/06/2024,0,496
Madrid,Canada,1690,1,Dupont,14,01,12/11/2023,27/12/2023,0,497
Vaison,Suede,1810,2,Martin,18,03,22/11/2024,26/12/2024,0,498
Londres,Portugal,909,3,Tremblay,05,00,22/11/2024,28/12/2024,0,499
Lyon,Portugal,1920,7,Lucas,12,03,20/04/2024,25/05/2024,0,500
Entrechaux,Chine,38,5,Seb,01,03,06/11/2023,28/12/2023,0,501
Montpellier,Italie,1730,5,Seb,19,00,07/05/2024,27/06/2024,0,502
Malaucene,France,643,8,Elliott,19,01,27/10/2023,28/11/2023,0,503
Dublin,Italie,1234,1,Dupont,21,03,04/06/2024,22/07/2024,0,504
Dublin,France,569,2,Martin,13,03,12/08/2024,28/09/2024,0,505
Lyon,Chine,1111,8,Elliott,08,00,07/11/2024,11/12/2024,0,506
Montpellier,Espagne,1466,3,Tremblay,25,01,15/09/2024,23/10/2024,0,507
Porto,Portugal,1211,6,Wadii,02,05,23/09/2023,24/10/2023,0,508
Gabon,Italie,39,1,Dupont,10,05,23/02/2023,28/03/2023,0,509
Gabon,Suisse,1069,6,Wadii,20,03,12/09/2023,28/10/2023,0,510
Orange,Suede,613,8,Elliott,10,03,24/02/2023,26/03/2023,0,511
Reims,Suede,167,3,Tremblay,03,05,27/04/2024,28/05/2024,0,512
Reims,USA,1236,7,Lucas,15,01,27/01/2023,27/02/2023,0,513
Porto,Italie,1592,7,Lucas,16,02,28/01/2023,28/02/2023,0,514
Montfavet,Espagne,315,5,Seb,27,01,23/03/2023,25/04/2023,0,515
Vaison,Portugal,1036,2,Martin,12,04,19/11/2024,25/12/2024,0,516
Saint-etienne,Suisse,490,6,Wadii,12,00,12/12/2023,22/01/2024,0,517
Montpellier,Allemagne,1260,4,Gagnon,25,02,10/07/2023,22/08/2023,0,518
Londres,Canada,1741,7,Lucas,05,04,01/10/2023,24/11/2023,0,519
Reims,France,993,6,Wadii,16,04,06/03/2024,15/04/2024,0,520
Avignon,Espagne,168,6,Wadii,21,01,27/10/2023,28/11/2023,0,521
Lyon,Italie,1472,7,Lucas,20,02,23/06/2024,26/07/2024,0,522
Porto,Portugal,1925,4,Gagnon,23,02,05/03/2023,28/04/2023,0,523
Paris,Suisse,1534,5,Seb,10,02,06/12/2024,27/01/2025,0,524
Montpellier,Espagne,1682,6,Wadii,07,05,18/12/2024,28/01/2025,0,525
Singapour,France,423,8,Elliott,05,03,13/05/2023,24/06/2023,0,526
Londres,France,190,3,Tremblay,06,04,25/03/2023,26/04/2023,0,527
Entrechaux,Suisse,1272,2,Martin,26,04,06/08/2023,26/09/2023,0,528
Nice,Allemagne,1214,7,Lucas,04,05,11/08/2024,28/09/2024,0,529
Renne,Suisse,1402,1,Dupont,22,04,03/05/2023,24/06/2023,0,530
Barcelone,France,131,3,Tremblay,14,03,27/09/2024,28/10/2024,0,531
Paris,Suisse,237,6,Wadii,22,04,02/06/2023,21/07/2023,0,532
Entrechaux,Espagne,1346,6,Wadii,26,03,15/01/2024,27/02/2024,0,533
Dublin,Italie,54,6,Wadii,16,00,13/03/2023,18/04/2023,0,534
Entrechaux,Canada,1160,2,Martin,09,02,02/05/2024,28/06/2024,0,535
Londres,Canada,535,3,Tremblay,14,01,06/04/2023,26/05/2023,0,536
Lyon,Espagne,241,5,Seb,03,04,15/08/2023,22/09/2023,0,537
Londres,Espagne,1205,3,Tremblay,17,02,19/07/2024,28/08/2024,0,538
Montfavet,Chine,762,5,Seb,16,03,06/05/2023,21/06/2023,0,539
Nice,Espagne,1365,6,Wadii,16,02,02/01/2023,08/02/2023,0,540
Londres,Suisse,193,1,Dupont,22,01,13/11/2024,25/12/2024,0,541
Entrechaux,Canada,1898,6,Wadii,16,03,03/08/2023,25/09/2023,0,542
Lyon,Suisse,1347,2,Martin,01,05,23/06/2024,25/07/2024,0,543
Renne,Portugal,676,1,Dupont,08,01,23/05/2023,27/06/2023,0,544
Paris,Suede,1458,6,Wadii,03,05,04/02/2023,09/03/2023,0,545
Lyon,Suede,1007,1,Dupont,17,03,20/02/2024,25/03/2024,0,546
Dublin,Allemagne,1081,8,Elliott,11,00,24/03/2023,28/04/2023,0,547
Reims,Canada,209,7,Lucas,18,04,22/12/2024,28/01/2025,0,548
Beaune,Espagne,141,7,Lucas,16,03,18/02/2023,24/03/2023,0,549
Lyon,France,1046,2,Martin,26,04,18/05/2024,27/06/2024,0,550
Nice,USA,674,6,Wadii,21,02,25/06/2024,27/07/2024,0,551
Lyon,France,598,7,Lucas,19,01,02/09/2024,19/10/2024,0,552
Porto,Italie,903,8,Elliott,17,01,25/09/2024,27/10/2024,0,553
Singapour,Chine,1732,3,Tremblay,22,01,27/08/2023,28/09/2023,0,554
Paris,Chine,1523,8,Elliott,23,01,13/07/2023,28/08/2023,0,555
Nice,France,876,7,Lucas,09,03,04/02/2023,26/03/2023,0,556
Beaune,Chine,498,8,Elliott,18,05,20/03/2023,27/04/2023,0,557
Nice,Italie,1045,8,Elliott,23,03,16/03/2024,28/04/2024,0,558
Nice,Suisse,98,6,Wadii,14,03,10/07/2023,28/08/2023,0,559
Montfavet,Italie,1327,2,Martin,16,04,15/05/2024,28/06/2024,0,560
Tokyo,Espagne,1657,6,Wadii,09,04,24/10/2024,28/11/2024,0,561
Malaucene,Espagne,712,8,Elliott,19,04,03/11/2023,19/12/2023,0,562
Reims,Canada,1887,1,Dupont,22,04,07/01/2024,24/02/2024,0,563
Barcelone,Canada,1907,8,Elliott,24,04,17/02/2024,27/03/2024,0,564
Madrid,Allemagne,665,4,Gagnon,07,00,04/01/2023,20/02/2023,0,565
Porto,USA,1855,4,Gagnon,28,02,13/11/2023,27/12/2023,0,566
Paris,Espagne,812,2,Martin,09,02,27/04/2023,28/05/2023,0,567
Singapour,Italie,402,8,Elliott,01,05,19/03/2023,26/04/2023,0,568
Nice,Canada,1770,1,Dupont,07,00,10/08/2023,27/09/2023,0,569
Reims,France,1517,4,Gagnon,12,00,24/06/2024,27/07/2024,0,570
Nice,Italie,926,6,Wadii,20,00,07/10/2023,27/11/2023,0,571
Lyon,Espagne,1702,1,Dupont,03,01,01/04/2023,28/05/2023,0,572
Montpellier,Portugal,1639,6,Wadii,26,05,24/07/2024,27/08/2024,0,573
Barcelone,Suisse,364,1,Dupont,18,04,06/05/2024,21/06/2024,0,574
Entrechaux,Chine,1624,8,Elliott,14,03,06/09/2023,27/10/2023,0,575
Reims,Suede,1499,2,Martin,14,03,21/07/2024,26/08/2024,0,576
Entrechaux,Suede,1018,3,Tremblay,20,04,16/12/2023,23/01/2024,0,577
Dublin,France,1539,7,Lucas,19,00,28/09/2023,28/10/2023,0,578
Barcelone,Allemagne,1168,4,Gagnon,08,04,23/07/2023,24/08/2023,0,579
Londres,Portugal,1178,3,Tremblay,15,00,18/08/2023,25/09/2023,0,580
Londres,Italie,896,6,Wadii,27,02,11/03/2023,26/04/2023,0,581
Montpellier,Chine,209,1,Dupont,01,05,10/11/2023,23/12/2023,0,582
Avignon,Suede,1462,2,Martin,24,04,22/04/2024,26/05/2024,0,583
Tokyo,Suisse,1198,8,Elliott,13,05,26/05/2023,28/06/2023,0,584
Londres,Espagne,1927,4,Gagnon,13,01,13/04/2024,25/05/2024,0,585
Lyon,France,172,1,Dupont,02,02,15/03/2023,28/04/2023,0,586
Madrid,Portugal,269,8,Elliott,25,04,11/01/2023,28/02/2023,0,587
Madrid,Italie,399,5,Seb,02,05,26/07/2023,27/08/2023,0,588
Singapour,Portugal,1372,8,Elliott,19,03,12/06/2023,17/07/2023,0,589
Singapour,Suisse,1651,6,Wadii,15,02,17/03/2023,23/04/2023,0,590
Carpentras,Espagne,962,4,Gagnon,20,01,02/04/2024,23/05/2024,0,591
Madrid,Italie,321,7,Lucas,04,03,13/06/2023,22/07/2023,0,592
Reims,France,879,4,Gagnon,09,00,24/06/2024,26/07/2024,0,593
Montfavet,Italie,989,8,Elliott,22,02,09/07/2024,16/08/2024,0,594
Lyon,USA,729,2,Martin,09,02,01/01/2023,16/02/2023,0,595
Lyon,Italie,620,2,Martin,19,02,05/01/2024,23/02/2024,0,596
Nice,Suede,1617,1,Dupont,15,05,17/01/2023,23/02/2023,0,597
Renne,Italie,350,3,Tremblay,20,02,18/12/2024,22/01/2025,0,598
Avignon,Chine,1469,8,Elliott,10,05,09/12/2023,15/01/2024,0,599
Orange,Italie,782,5,Seb,08,01,16/11/2023,28/12/2023,0,600
Madrid,Chine,708,5,Seb,22,00,07/06/2024,17/07/2024,0,601
Porto,Suisse,1408,8,Elliott,28,02,19/05/2024,26/06/2024,0,602
Paris,Italie,1032,4,Gagnon,22,00,23/08/2024,28/09/2024,0,603
Reims,France,220,2,Martin,03,02,03/03/2023,24/04/2023,0,604
Saint-etienne,Suede,294,4,Gagnon,09,00,15/04/2023,26/05/2023,0,605
Montpellier,Canada,182,7,Lucas,19,01,08/10/2023,14/11/2023,0,606
Nice,USA,711,1,Dupont,20,04,12/03/2024,21/04/2024,0,607
Gabon,USA,919,1,Dupont,22,05,19/06/2023,28/07/2023,0,608
Vaison,Suisse,1218,8,Elliott,15,00,12/09/2023,24/10/2023,0,609
Tokyo,Canada,1956,8,Elliott,07,05,03/04/2024,14/05/2024,0,610
Renne,Canada,793,7,Lucas,09,00,09/08/2023,27/09/2023,0,611
Vaison,USA,126,5,Seb,17,00,15/09/2023,26/10/2023,0,612
Paris,Suede,749,3,Tremblay,16,04,01/01/2023,26/02/2023,0,613
Saint-etienne,Italie,1527,2,Martin,09,03,08/09/2024,27/10/2024,0,614
Montfavet,Suede,1145,2,Martin,06,01,13/08/2023,24/09/2023,0,615
Avignon,Portugal,1562,8,Elliott,10,03,02/01/2024,05/02/2024,0,616
Beaune,Allemagne,531,4,Gagnon,19,01,28/04/2024,28/05/2024,0,617
Gabon,Portugal,1721,6,Wadii,17,04,14/03/2023,17/04/2023,0,618
Beaune,Chine,1607,1,Dupont,17,00,28/01/2024,28/02/2024,0,619
Beaune,Portugal,284,4,Gagnon,04,04,25/04/2024,27/05/2024,0,620
Carpentras,Suisse,436,7,Lucas,01,05,03/11/2024,15/12/2024,0,621
Porto,Allemagne,693,3,Tremblay,15,04,07/09/2024,16/10/2024,0,622
Saint-etienne,France,711,6,Wadii,05,03,16/07/2023,23/08/2023,0,623
Nice,Suede,1558,3,Tremblay,09,00,18/09/2024,26/10/2024,0,624
Saint-etienne,Allemagne,854,5,Seb,12,05,18/02/2024,28/03/2024,0,625
Tokyo,USA,504,2,Martin,04,01,09/12/2024,25/01/2025,0,626
Dublin,Suede,1053,5,Seb,05,03,24/01/2023,26/02/2023,0,627
Barcelone,USA,489,2,Martin,27,03,22/12/2023,27/01/2024,0,628
Singapour,Espagne,63,8,Elliott,02,04,10/03/2023,28/04/2023,0,629
Beaune,USA,410,1,Dupont,05,04,25/02/2024,27/03/2024,0,630
Reims,Suede,266,6,Wadii,10,01,21/01/2024,26/02/2024,0,631
Entrechaux,Italie,1080,6,Wadii,14,03,10/06/2023,27/07/2023,0,632
Lyon,Chine,1287,8,Elliott,01,00,13/12/2024,22/01/2025,0,633
Tokyo,Espagne,1263,1,Dupont,05,03,15/04/2023,26/05/2023,0,634
Lyon,Canada,1899,4,Gagnon,16,04,08/01/2023,20/02/2023,0,635
Orange,Canada,1406,3,Tremblay,17,01,18/09/2024,24/10/2024,0,636
Montfavet,Suede,1997,2,Martin,15,03,08/03/2024,24/04/2024,0,637
Malaucene,Suisse,1560,1,Dupont,02,01,23/10/2024,27/11/2024,0,638
Montpellier,Espagne,1020,2,Martin,17,04,21/10/2024,27/11/2024,0,639
Singapour,Portugal,1378,8,Elliott,16,03,05/12/2023,26/01/2024,0,640
Montfavet,Espagne,1803,1,Dupont,27,03,12/03/2023,28/04/2023,0,641
Paris,Suede,1726,5,Seb,12,00,27/07/2023,28/08/2023,0,642
Barcelone,Italie,1808,2,Martin,05,01,14/05/2024,26/06/2024,0,643
Gabon,Canada,1786,5,Seb,26,03,26/04/2024,26/05/2024,0,644
Barcelone,Allemagne,1572,4,Gagnon,18,00,04/05/2024,27/06/2024,0,645
Saint-etienne,Italie,333,2,Martin,18,00,16/12/2023,27/01/2024,0,646
Tokyo,Chine,72,2,Martin,13,02,18/01/2023,28/02/2023,0,647
Tokyo,Canada,1794,6,Wadii,26,04,22/03/2023,27/04/2023,0,648
Vaison,Espagne,1624,7,Lucas,06,05,12/12/2023,21/01/2024,0,649
Singapour,Portugal,891,5,Seb,20,05,02/04/2024,19/05/2024,0,650
Montfavet,USA,963,1,Dupont,18,03,09/08/2023,25/09/2023,0,651
Singapour,Italie,286,7,Lucas,01,00,07/05/2023,20/06/2023,0,652
Beaune,Portugal,416,7,Lucas,09,05,27/06/2024,28/07/2024,0,653
Londres,Suisse,1000,4,Gagnon,18,03,25/07/2023,27/08/2023,0,654
Beaune,Suisse,96,4,Gagnon,20,04,17/05/2024,27/06/2024,0,655
Montpellier,Suede,275,1,Dupont,28,05,10/12/2024,13/01/2025,0,656
Lyon,Suisse,376,3,Tremblay,16,03,11/08/2024,25/09/2024,0,657
Saint-etienne,Chine,1608,5,Seb,04,01,25/04/2024,27/05/2024,0,658
Singapour,Allemagne,1558,2,Martin,13,03,01/08/2023,21/09/2023,0,659
Malaucene,USA,1853,2,Martin,03,03,27/07/2024,27/08/2024,0,660
Avignon,USA,136,1,Dupont,05,01,28/03/2024,28/04/2024,0,661
Lyon,USA,501,6,Wadii,05,00,17/11/2023,26/12/2023,0,662
Madrid,Suede,171,7,Lucas,24,00,11/03/2023,28/04/2023,0,663
Entrechaux,France,1950,2,Martin,12,00,14/02/2024,24/03/2024,0,664
Reims,France,1366,4,Gagnon,09,01,01/02/2023,26/03/2023,0,665
Orange,Canada,406,5,Seb,04,00,08/08/2023,23/09/2023,0,666
Vaison,Suede,327,3,Tremblay,10,01,25/01/2024,28/02/2024,0,667
Reims,Portugal,1219,5,Seb,15,01,25/04/2024,28/05/2024,0,668
Barcelone,France,39,6,Wadii,02,03,10/02/2024,22/03/2024,0,669
Vaison,USA,929,7,Lucas,11,00,04/07/2024,17/08/2024,0,670
Nice,Espagne,1175,3,Tremblay,26,02,25/03/2023,28/04/2023,0,671
Beaune,Allemagne,228,2,Martin,13,02,01/08/2024,14/09/2024,0,672
Renne,USA,1864,4,Gagnon,27,02,25/08/2023,28/09/2023,0,673
Barcelone,Allemagne,1321,8,Elliott,14,01,19/10/2023,26/11/2023,0,674
Tokyo,Portugal,1164,5,Seb,13,04,13/08/2024,23/09/2024,0,675
Beaune,USA,1210,4,Gagnon,11,02,12/02/2024,25/03/2024,0,676
Avignon,Suede,544,6,Wadii,24,04,16/11/2024,22/12/2024,0,677
Nice,Canada,54,8,Elliott,15,04,07/05/2024,20/06/2024,0,678
Carpentras,Portugal,559,2,Martin,15,02,24/12/2024,28/01/2025,0,679
Entrechaux,Canada,1839,3,Tremblay,15,03,21/06/2023,23/07/2023,0,680
Orange,USA,1750,3,Tremblay,12,05,27/11/2023,27/12/2023,0,681
Dublin,France,767,3,Tremblay,25,03,28/02/2023,28/03/2023,0,682
Dublin,USA,56,5,Seb,06,01,23/06/2023,27/07/2023,0,683
Montpellier,Espagne,1968,6,Wadii,14,04,17/04/2024,21/05/2024,0,684
Entrechaux,Italie,692,1,Dupont,20,00,12/06/2023,24/07/2023,0,685
Lyon,Suisse,1505,3,Tremblay,04,00,14/06/2024,25/07/2024,0,686
Montfavet,Allemagne,784,1,Dupont,28,04,25/09/2023,28/10/2023,0,687
Entrechaux,France,1408,4,Gagnon,08,04,16/11/2024,28/12/2024,0,688
Malaucene,USA,971,6,Wadii,09,01,24/07/2024,26/08/2024,0,689
Entrechaux,USA,1611,3,Tremblay,28,00,26/01/2023,28/02/2023,0,690
Porto,Chine,1206,3,Tremblay,13,05,04/02/2024,26/03/2024,0,691
Nice,Portugal,1485,1,Dupont,28,04,05/11/2024,24/12/2024,0,692
Porto,Chine,1541,4,Gagnon,04,01,27/11/2024,28/12/2024,0,693
Lyon,Chine,1237,5,Seb,03,03,05/05/2023,19/06/2023,0,694
Vaison,France,691,7,Lucas,03,01,20/08/2024,28/09/2024,0,695
Porto,Suisse,143,4,Gagnon,09,01,07/02/2023,23/03/2023,0,696
Avignon,Espagne,1612,6,Wadii,22,00,01/05/2024,20/06/2024,0,697
Londres,Canada,390,2,Martin,19,00,13/06/2024,24/07/2024,0,698
Montpellier,USA,1413,4,Gagnon,03,02,09/12/2023,27/01/2024,0,699
Nice,Suisse,76,3,Tremblay,28,01,10/05/2024,26/06/2024,0,700
Malaucene,Chine,1146,8,Elliott,13,02,14/04/2023,21/05/2023,0,701
Madrid,USA,1721,6,Wadii,04,03,22/02/2024,26/03/2024,0,702
Dublin,Italie,1322,8,Elliott,13,05,08/12/2024,22/01/2025,0,703
Dublin,Espagne,336,8,Elliott,21,03,02/08/2023,28/09/2023,0,704
Dublin,Chine,1086,2,Martin,06,02,10/02/2023,25/03/2023,0,705
Gabon,France,646,5,Seb,13,02,18/01/2024,26/02/2024,0,706
Nice,France,1016,5,Seb,27,01,27/02/2024,27/03/2024,0,707
Singapour,USA,708,3,Tremblay,10,01,28/02/2023,28/03/2023,0,708
Porto,France,1274,5,Seb,25,04,27/07/2024,27/08/2024,0,709
Malaucene,France,114,1,Dupont,27,02,02/08/2024,25/09/2024,0,710
Carpentras,Espagne,1823,6,Wadii,08,02,17/01/2023,28/02/2023,0,711
Vaison,Italie,417,1,Dupont,05,03,19/08/2023,28/09/2023,0,712
Gabon,USA,349,4,Gagnon,14,04,03/08/2024,20/09/2024,0,713
Paris,Chine,1208,8,Elliott,01,02,19/02/2024,24/03/2024,0,714
Montfavet,Suisse,159,8,Elliott,03,04,08/07/2023,26/08/2023,0,715
Tokyo,Italie,1032,5,Seb,23,04,22/09/2024,28/10/2024,0,716
Dublin,Suede,1584,1,Dupont,11,02,02/02/2023,10/03/2023,0,717
Madrid,Portugal,56,8,Elliott,09,00,21/03/2024,27/04/2024,0,718
Madrid,Allemagne,212,2,Martin,26,02,05/01/2024,25/02/2024,0,719
Reims,Suisse,171,3,Tremblay,16,05,03/02/2023,28/03/2023,0,720
Orange,Espagne,1029,1,Dupont,09,02,04/09/2024,22/10/2024,0,721
Reims,USA,1764,1,Dupont,13,01,15/12/2023,26/01/2024,0,722
Paris,Suisse,413,6,Wadii,06,02,18/05/2024,26/06/2024,0,723
Lyon,Canada,846,8,Elliott,25,02,13/08/2024,25/09/2024,0,724
Carpentras,Portugal,537,1,Dupont,17,00,18/03/2023,28/04/2023,0,725
Madrid,Suede,1060,4,Gagnon,08,02,10/09/2024,27/10/2024,0,726
Singapour,Espagne,970,2,Martin,24,03,01/05/2024,20/06/2024,0,727
Vaison,Espagne,874,3,Tremblay,27,00,22/05/2024,28/06/2024,0,728
Renne,Portugal,839,6,Wadii,27,03,21/09/2024,28/10/2024,0,729
Madrid,Suisse,894,6,Wadii,01,05,27/03/2023,27/04/2023,0,730
Dublin,Suede,741,1,Dupont,12,01,17/05/2024,26/06/2024,0,731
Singapour,Portugal,678,5,Seb,04,04,21/12/2023,28/01/2024,0,732
Lyon,Canada,188,2,Martin,13,00,26/07/2023,28/08/2023,0,733
Malaucene,Suisse,1099,2,Martin,20,00,14/12/2024,28/01/2025,0,734
Madrid,Espagne,1721,5,Seb,01,03,15/09/2023,28/10/2023,0,735
Londres,Italie,1998,2,Martin,28,04,08/02/2023,26/03/2023,0,736
Montfavet,Espagne,840,5,Seb,01,00,03/11/2024,25/12/2024,0,737
Madrid,Allemagne,1713,3,Tremblay,20,04,02/05/2024,25/06/2024,0,738
Carpentras,Allemagne,1951,7,Lucas,04,03,18/11/2024,28/12/2024,0,739
Avignon,France,641,1,Dupont,25,05,28/11/2024,28/12/2024,0,740
Malaucene,Suisse,1633,8,Elliott,11,05,17/06/2024,21/07/2024,0,741
Reims,USA,191,4,Gagnon,09,01,02/07/2023,24/08/2023,0,742
Singapour,Italie,74,2,Martin,26,01,26/11/2024,27/12/2024,0,743
Tokyo,Suede,2000,1,Dupont,23,01,09/07/2024,27/08/2024,0,744
Lyon,USA,737,5,Seb,20,00,27/08/2023,28/09/2023,0,745
Montfavet,Allemagne,290,5,Seb,03,05,13/06/2023,24/07/2023,0,746
Reims,Chine,1118,2,Martin,01,04,08/11/2023,28/12/2023,0,747
Barcelone,France,70,1,Dupont,01,05,14/11/2023,23/12/2023,0,748
Reims,Portugal,78,7,Lucas,04,02,10/12/2023,23/01/2024,0,749
Orange,Suede,282,4,Gagnon,19,02,16/06/2023,23/07/2023,0,750
Dublin,Canada,1449,8,Elliott,20,00,04/09/2024,21/10/2024,0,751
Beaune,Chine,1646,3,Tremblay,04,05,10/08/2024,28/09/2024,0,752
Saint-etienne,Italie,230,7,Lucas,05,05,07/12/2024,25/01/2025,0,753
Madrid,Suisse,1972,5,Seb,19,01,08/05/2024,25/06/2024,0,754
Singapour,France,275,2,Martin,08,02,25/03/2023,27/04/2023,0,755
Londres,Suede,677,1,Dupont,10,01,15/05/2023,25/06/2023,0,756
Lyon,Suisse,1608,7,Lucas,26,05,16/12/2024,28/01/2025,0,757
Orange,France,1100,5,Seb,05,02,20/11/2024,26/12/2024,0,758
Avignon,Espagne,1011,6,Wadii,09,04,07/11/2023,23/12/2023,0,759
Paris,Allemagne,261,5,Seb,09,05,02/02/2024,25/03/2024,0,760
Paris,Canada,211,3,Tremblay,09,05,10/08/2023,19/09/2023,0,761
Renne,Italie,182,7,Lucas,05,05,24/12/2024,28/01/2025,0,762
Montpellier,Chine,163,3,Tremblay,09,02,09/11/2023,28/12/2023,0,763
Tokyo,Canada,219,5,Seb,11,02,08/06/2024,12/07/2024,0,764
Avignon,Allemagne,1612,2,Martin,16,02,17/05/2023,26/06/2023,0,765
Carpentras,Allemagne,988,8,Elliott,24,01,16/08/2023,23/09/2023,0,766
Reims,Allemagne,1955,1,Dupont,08,04,26/01/2023,27/02/2023,0,767
Carpentras,France,132,5,Seb,21,04,19/09/2024,27/10/2024,0,768
Saint-etienne,USA,1794,3,Tremblay,18,05,11/11/2024,26/12/2024,0,769
Lyon,Suede,1371,4,Gagnon,22,00,09/06/2023,21/07/2023,0,770
Orange,Suede,1348,6,Wadii,18,04,28/06/2024,28/07/2024,0,771
Entrechaux,USA,200,1,Dupont,16,01,23/02/2024,27/03/2024,0,772
Entrechaux,USA,884,1,Dupont,16,01,17/11/2024,28/12/2024,0,773
Madrid,Canada,1089,8,Elliott,27,01,20/06/2023,26/07/2023,0,774
Reims,Canada,1537,7,Lucas,15,02,23/06/2023,27/07/2023,0,775
Tokyo,Italie,1180,3,Tremblay,27,00,23/11/2024,26/12/2024,0,776
Reims,Espagne,822,8,Elliott,16,03,16/07/2024,27/08/2024,0,777
Reims,USA,1309,6,Wadii,16,05,04/09/2024,19/10/2024,0,778
Madrid,Suisse,976,3,Tremblay,22,00,22/03/2024,27/04/2024,0,779
Gabon,USA,1213,3,Tremblay,14,01,05/02/2024,28/03/2024,0,780
Madrid,France,902,6,Wadii,25,04,12/06/2023,23/07/2023,0,781
Tokyo,Espagne,741,3,Tremblay,19,03,02/06/2024,27/07/2024,0,782
Lyon,Portugal,1614,7,Lucas,13,01,18/06/2023,25/07/2023,0,783
Paris,Italie,1536,5,Seb,09,02,08/11/2024,24/12/2024,0,784
Singapour,Italie,617,7,Lucas,26,04,21/11/2023,27/12/2023,0,785
Beaune,France,1050,4,Gagnon,24,02,15/07/2023,27/08/2023,0,786
Gabon,Chine,178,5,Seb,04,04,28/11/2023,28/12/2023,0,787
Gabon,Allemagne,1998,1,Dupont,05,00,01/06/2023,25/07/2023,0,788
Vaison,USA,44,8,Elliott,22,03,15/05/2024,23/06/2024,0,789
Barcelone,Suisse,730,8,Elliott,18,02,20/08/2023,22/09/2023,0,790
Barcelone,Chine,1977,2,Martin,21,01,13/10/2023,27/11/2023,0,791
Montpellier,USA,463,5,Seb,12,00,07/09/2023,26/10/2023,0,792
Saint-etienne,France,1656,2,Martin,04,02,20/12/2023,28/01/2024,0,793
Gabon,Espagne,1569,5,Seb,24,03,19/12/2024,25/01/2025,0,794
Saint-etienne,Italie,225,8,Elliott,23,00,14/08/2024,28/09/2024,0,795
Entrechaux,Allemagne,613,4,Gagnon,23,02,25/10/2023,27/11/2023,0,796
Lyon,USA,1640,8,Elliott,11,01,23/11/2024,27/12/2024,0,797
Nice,Italie,439,3,Tremblay,12,05,27/02/2023,28/03/2023,0,798
Lyon,Canada,509,2,Martin,15,00,12/12/2023,27/01/2024,0,799
Porto,Portugal,1008,8,Elliott,20,00,03/12/2023,27/01/2024,0,800
Saint-etienne,Allemagne,1732,3,Tremblay,26,04,13/10/2023,28/11/2023,0,801
Singapour,Suede,1236,8,Elliott,03,03,17/03/2024,22/04/2024,0,802
Madrid,Chine,1804,3,Tremblay,10,03,01/01/2024,12/02/2024,0,803
Entrechaux,Canada,143,3,Tremblay,26,03,25/09/2024,26/10/2024,0,804
Avignon,Canada,1614,5,Seb,07,02,20/10/2023,27/11/2023,0,805
Montfavet,France,1192,3,Tremblay,14,01,01/02/2024,23/03/2024,0,806
Entrechaux,Chine,498,2,Martin,26,03,10/08/2023,16/09/2023,0,807
Malaucene,Italie,1858,6,Wadii,10,00,04/07/2023,28/08/2023,0,808
Londres,USA,1819,6,Wadii,13,00,17/08/2024,28/09/2024,0,809
Madrid,Italie,688,3,Tremblay,03,02,18/12/2023,28/01/2024,0,810
Entrechaux,France,109,3,Tremblay,22,04,02/08/2023,27/09/2023,0,811
Porto,Espagne,439,7,Lucas,22,01,01/05/2023,13/06/2023,0,812
Malaucene,Suisse,805,6,Wadii,20,03,27/06/2023,28/07/2023,0,813
Londres,Suede,58,1,Dupont,16,03,22/06/2023,28/07/2023,0,814
Entrechaux,Suisse,1865,8,Elliott,14,02,24/09/2024,28/10/2024,0,815
Lyon,Allemagne,281,3,Tremblay,22,00,25/02/2023,27/03/2023,0,816
Reims,Suisse,1806,2,Martin,08,00,15/11/2024,17/12/2024,0,817
Porto,Allemagne,703,3,Tremblay,02,05,12/04/2023,28/05/2023,0,818
Vaison,Italie,522,3,Tremblay,17,03,28/04/2023,28/05/2023,0,819
Carpentras,Canada,906,4,Gagnon,24,04,20/12/2023,21/01/2024,0,820
Barcelone,Chine,1968,7,Lucas,21,05,25/12/2023,28/01/2024,0,821
Saint-etienne,Italie,1317,7,Lucas,02,05,18/11/2024,28/12/2024,0,822
Saint-etienne,USA,111,5,Seb,10,03,10/01/2024,28/02/2024,0,823
Entrechaux,Allemagne,1083,8,Elliott,17,04,06/03/2023,23/04/2023,0,824
Barcelone,USA,1285,3,Tremblay,23,05,08/06/2023,28/07/2023,0,825
Singapour,France,1984,1,Dupont,12,04,11/12/2024,20/01/2025,0,826
Barcelone,Espagne,928,5,Seb,11,01,28/05/2023,28/06/2023,0,827
Renne,Chine,517,8,Elliott,20,01,24/07/2023,26/08/2023,0,828
Nice,Canada,1327,2,Martin,01,00,03/04/2024,23/05/2024,0,829
Vaison,USA,1094,8,Elliott,28,00,16/08/2024,23/09/2024,0,830
Beaune,Portugal,38,1,Dupont,01,02,24/01/2024,28/02/2024,0,831
Madrid,Suede,489,5,Seb,13,03,24/04/2024,27/05/2024,0,832
Porto,Portugal,1026,2,Martin,10,02,13/03/2023,22/04/2023,0,833
Porto,Canada,515,5,Seb,18,01,23/06/2023,28/07/2023,0,834
Madrid,Allemagne,175,3,Tremblay,14,02,19/08/2023,24/09/2023,0,835
Avignon,France,675,6,Wadii,11,05,15/02/2024,25/03/2024,0,836
Londres,France,220,6,Wadii,16,02,26/07/2024,28/08/2024,0,837
Montpellier,USA,115,5,Seb,28,01,05/01/2024,22/02/2024,0,838
Porto,Suede,1169,8,Elliott,25,02,08/12/2023,22/01/2024,0,839
Reims,Suisse,1330,6,Wadii,20,04,08/07/2024,20/08/2024,0,840
Reims,Suede,1544,6,Wadii,18,02,12/06/2023,21/07/2023,0,841
Reims,Chine,1687,2,Martin,13,04,09/06/2023,23/07/2023,0,842
Gabon,Chine,107,5,Seb,10,05,03/09/2024,26/10/2024,0,843
Nice,France,1265,8,Elliott,26,02,07/06/2024,21/07/2024,0,844
Entrechaux,Portugal,1390,4,Gagnon,15,05,19/04/2023,25/05/2023,0,845
Gabon,Chine,1702,4,Gagnon,14,01,11/11/2023,25/12/2023,0,846
Montpellier,USA,1221,6,Wadii,15,00,25/06/2024,27/07/2024,0,847
Beaune,USA,1744,2,Martin,03,03,19/11/2023,28/12/2023,0,848
Gabon,Suisse,1239,5,Seb,10,05,18/04/2023,20/05/2023,0,849
Orange,Suisse,1733,8,Elliott,10,01,11/06/2023,26/07/2023,0,850
Singapour,USA,1003,7,Lucas,02,00,06/06/2024,28/07/2024,0,851
Beaune,Portugal,1959,2,Martin,24,04,08/10/2024,19/11/2024,0,852
Malaucene,Chine,1796,8,Elliott,09,05,17/10/2024,28/11/2024,0,853
Madrid,USA,960,4,Gagnon,21,01,20/06/2023,27/07/2023,0,854
Vaison,Suede,1541,3,Tremblay,14,01,26/12/2023,28/01/2024,0,855
Reims,Canada,513,4,Gagnon,11,02,13/06/2023,17/07/2023,0,856
Nice,Suede,1773,8,Elliott,12,05,24/01/2024,26/02/2024,0,857
Montfavet,Espagne,328,4,Gagnon,04,01,04/10/2024,24/11/2024,0,858
Tokyo,Chine,1093,3,Tremblay,07,02,28/11/2023,28/12/2023,0,859
Porto,Chine,1856,4,Gagnon,09,02,04/06/2024,28/07/2024,0,860
Vaison,Espagne,1536,7,Lucas,15,01,19/05/2023,27/06/2023,0,861
Saint-etienne,Canada,54,2,Martin,08,05,27/06/2023,27/07/2023,0,862
Montfavet,Chine,1213,8,Elliott,23,05,16/09/2024,28/10/2024,0,863
Londres,Chine,1291,8,Elliott,04,01,13/11/2023,28/12/2023,0,864
Entrechaux,USA,1318,7,Lucas,16,03,18/05/2024,25/06/2024,0,865
Reims,Espagne,238,5,Seb,01,05,16/11/2024,18/12/2024,0,866
Porto,Chine,1650,4,Gagnon,04,03,16/04/2024,21/05/2024,0,867
Beaune,Portugal,406,2,Martin,08,00,12/01/2024,26/02/2024,0,868
Paris,Portugal,338,6,Wadii,25,02,01/09/2024,26/10/2024,0,869
Barcelone,USA,1070,6,Wadii,04,01,23/04/2024,27/05/2024,0,870
Orange,Chine,936,4,Gagnon,07,01,27/08/2024,28/09/2024,0,871
Dublin,Canada,636,5,Seb,27,03,08/09/2024,13/10/2024,0,872
Entrechaux,Espagne,691,5,Seb,01,01,06/02/2023,28/03/2023,0,873
Reims,Canada,1354,5,Seb,28,02,07/04/2024,20/05/2024,0,874
Londres,Portugal,132,4,Gagnon,24,04,24/09/2024,28/10/2024,0,875
Nice,Portugal,825,8,Elliott,22,00,12/03/2024,27/04/2024,0,876
Gabon,Portugal,89,7,Lucas,12,01,09/08/2023,28/09/2023,0,877
Barcelone,USA,931,1,Dupont,28,02,25/06/2023,28/07/2023,0,878
Barcelone,Suede,576,8,Elliott,16,01,13/09/2024,17/10/2024,0,879
Dublin,Chine,241,2,Martin,08,03,25/03/2023,27/04/2023,0,880
Lyon,Portugal,797,2,Martin,11,01,24/04/2023,25/05/2023,0,881
Avignon,Portugal,785,5,Seb,02,02,26/02/2023,28/03/2023,0,882
Dublin,USA,310,5,Seb,01,03,09/02/2024,16/03/2024,0,883
Nice,Allemagne,641,5,Seb,09,01,21/07/2023,25/08/2023,0,884
Avignon,Suede,1782,4,Gagnon,21,04,28/02/2023,28/03/2023,0,885
Vaison,Portugal,1111,8,Elliott,21,03,22/01/2023,24/02/2023,0,886
Avignon,Chine,920,2,Martin,22,02,20/06/2023,26/07/2023,0,887
Dublin,Espagne,1392,7,Lucas,27,00,13/12/2023,25/01/2024,0,888
Avignon,Canada,1066,2,Martin,11,04,28/12/2024,28/01/2025,0,889
Lyon,France,1708,1,Dupont,13,03,02/04/2023,26/05/2023,0,890
Entrechaux,USA,1154,7,Lucas,08,04,18/02/2023,28/03/2023,0,891
Barcelone,France,1966,2,Martin,22,01,01/06/2024,19/07/2024,0,892
Avignon,Italie,108,1,Dupont,09,04,22/03/2023,28/04/2023,0,893
Nice,France,1635,6,Wadii,16,02,01/03/2024,21/04/2024,0,894
Paris,Portugal,713,2,Martin,25,03,26/10/2024,28/11/2024,0,895
Barcelone,Chine,945,2,Martin,08,00,02/06/2024,20/07/2024,0,896
Vaison,Suisse,819,4,Gagnon,01,02,24/09/2024,26/10/2024,0,897
Porto,Chine,816,3,Tremblay,15,03,24/09/2023,28/10/2023,0,898
Renne,Chine,323,1,Dupont,22,00,08/08/2023,27/09/2023,0,899
Avignon,USA,445,1,Dupont,23,03,01/06/2023,28/07/2023,0,900
Singapour,Suede,1375,3,Tremblay,26,01,21/05/2023,24/06/2023,0,901
Dublin,Portugal,1022,4,Gagnon,11,02,21/10/2024,22/11/2024,0,902
Malaucene,Italie,1753,6,Wadii,08,01,09/03/2023,26/04/2023,0,903
Tokyo,Italie,652,4,Gagnon,15,01,21/05/2024,26/06/2024,0,904
Lyon,Chine,1122,6,Wadii,28,02,16/09/2024,28/10/2024,0,905
Londres,France,1677,5,Seb,24,05,15/09/2024,27/10/2024,0,906
Carpentras,Suisse,809,5,Seb,03,03,08/04/2024,28/05/2024,0,907
Tokyo,USA,1080,6,Wadii,17,04,11/01/2024,28/02/2024,0,908
Paris,Canada,468,8,Elliott,27,01,08/05/2023,24/06/2023,0,909
Nice,France,690,3,Tremblay,03,00,05/06/2024,20/07/2024,0,910
Montpellier,Portugal,1270,3,Tremblay,15,02,03/12/2023,15/01/2024,0,911
Beaune,Allemagne,1327,3,Tremblay,16,00,04/03/2023,20/04/2023,0,912
Renne,France,1017,4,Gagnon,14,04,20/01/2024,28/02/2024,0,913
Montpellier,Suede,987,4,Gagnon,18,02,03/11/2023,27/12/2023,0,914
Saint-etienne,Italie,1613,6,Wadii,14,03,08/01/2023,26/02/2023,0,915
Paris,Suisse,1393,8,Elliott,28,05,04/05/2023,18/06/2023,0,916
Beaune,France,445,8,Elliott,01,02,27/10/2023,28/11/2023,0,917
Madrid,Suisse,1922,2,Martin,13,04,08/10/2024,27/11/2024,0,918
Avignon,Canada,1384,3,Tremblay,06,00,18/10/2023,26/11/2023,0,919
Carpentras,Suede,959,7,Lucas,10,01,12/04/2023,19/05/2023,0,920
Beaune,Espagne,1109,3,Tremblay,12,04,16/02/2024,27/03/2024,0,921
Renne,USA,242,8,Elliott,04,00,05/04/2023,25/05/2023,0,922
Beaune,France,1407,6,Wadii,22,05,21/03/2024,26/04/2024,0,923
Tokyo,Canada,900,3,Tremblay,05,04,23/12/2023,27/01/2024,0,924
Montfavet,Espagne,52,6,Wadii,05,01,22/04/2024,24/05/2024,0,925
Londres,Italie,838,3,Tremblay,04,02,02/02/2024,23/03/2024,0,926
Paris,Italie,402,7,Lucas,22,03,02/05/2023,13/06/2023,0,927
Renne,Suede,1726,4,Gagnon,11,04,26/05/2023,28/06/2023,0,928
Singapour,USA,536,4,Gagnon,09,04,23/09/2024,26/10/2024,0,929
Londres,Suisse,1731,4,Gagnon,08,02,18/01/2024,26/02/2024,0,930
Nice,Espagne,463,3,Tremblay,09,04,13/04/2023,21/05/2023,0,931
Porto,Suede,705,7,Lucas,16,01,22/07/2024,27/08/2024,0,932
Londres,USA,951,4,Gagnon,19,03,02/11/2024,25/12/2024,0,933
Gabon,Portugal,585,2,Martin,08,05,13/11/2024,23/12/2024,0,934
Montfavet,Canada,520,2,Martin,10,03,23/11/2023,26/12/2023,0,935
Londres,Espagne,727,1,Dupont,14,02,03/02/2023,26/03/2023,0,936
Singapour,Allemagne,308,5,Seb,16,05,10/01/2023,22/02/2023,0,937
Gabon,Allemagne,1845,2,Martin,28,00,25/09/2023,27/10/2023,0,938
Porto,Allemagne,1353,3,Tremblay,07,02,18/05/2024,26/06/2024,0,939
Barcelone,Canada,543,8,Elliott,07,03,04/12/2023,21/01/2024,0,940
Barcelone,USA,1163,5,Seb,22,00,13/06/2023,26/07/2023,0,941
Malaucene,France,824,3,Tremblay,13,02,22/08/2023,23/09/2023,0,942
Saint-etienne,Espagne,1661,3,Tremblay,03,01,16/06/2023,22/07/2023,0,943
Orange,USA,722,8,Elliott,13,00,24/06/2023,24/07/2023,0,944
Londres,France,926,5,Seb,14,00,03/03/2024,22/04/2024,0,945
Madrid,Suisse,1268,3,Tremblay,09,01,14/11/2023,26/12/2023,0,946
Saint-etienne,Allemagne,570,3,Tremblay,11,05,26/01/2023,28/02/2023,0,947
Barcelone,Portugal,679,6,Wadii,04,05,04/11/2023,12/12/2023,0,948
Saint-etienne,Suisse,479,7,Lucas,21,00,04/11/2024,25/12/2024,0,949
Barcelone,Suede,275,7,Lucas,19,05,17/03/2024,26/04/2024,0,950
Malaucene,Suede,354,2,Martin,07,01,20/06/2023,27/07/2023,0,951
Nice,Suede,668,6,Wadii,01,04,05/10/2023,19/11/2023,0,952
Montpellier,Espagne,325,3,Tremblay,24,05,28/02/2024,28/03/2024,0,953
Malaucene,Suede,775,4,Gagnon,24,04,07/05/2023,25/06/2023,0,954
Barcelone,Italie,1056,2,Martin,04,00,17/08/2024,24/09/2024,0,955
Singapour,Espagne,243,5,Seb,05,01,08/01/2023,21/02/2023,0,956
Malaucene,Suede,699,6,Wadii,28,03,12/10/2023,28/11/2023,0,957
Barcelone,France,455,7,Lucas,19,02,25/07/2024,27/08/2024,0,958
Beaune,Chine,532,3,Tremblay,02,02,23/04/2024,24/05/2024,0,959
Montfavet,Suede,957,6,Wadii,11,03,13/07/2023,27/08/2023,0,960
Singapour,Suede,146,8,Elliott,11,05,04/09/2023,09/10/2023,0,961
Paris,Italie,1143,3,Tremblay,18,00,14/10/2023,21/11/2023,0,962
Lyon,Chine,273,8,Elliott,25,02,07/02/2024,20/03/2024,0,963
Beaune,France,1751,7,Lucas,07,02,15/02/2023,28/03/2023,0,964
Dublin,Italie,1706,6,Wadii,15,01,03/03/2023,04/04/2023,0,965
Tokyo,Chine,1215,1,Dupont,04,03,11/03/2023,28/04/2023,0,966
Tokyo,Suede,806,7,Lucas,18,05,04/01/2024,12/02/2024,0,967
Carpentras,Suede,1018,8,Elliott,16,05,03/02/2024,23/03/2024,0,968
Avignon,Suisse,665,6,Wadii,23,05,10/05/2023,27/06/2023,0,969
Tokyo,Allemagne,545,4,Gagnon,14,04,10/04/2024,28/05/2024,0,970
Orange,USA,608,7,Lucas,04,01,07/02/2024,23/03/2024,0,971
Saint-etienne,Suede,235,5,Seb,18,05,16/01/2024,25/02/2024,0,972
Saint-etienne,France,153,8,Elliott,08,04,24/10/2024,28/11/2024,0,973
Tokyo,Allemagne,1537,7,Lucas,02,03,21/09/2023,25/10/2023,0,974
Madrid,Portugal,1487,7,Lucas,23,02,12/10/2024,27/11/2024,0,975
Gabon,Canada,1021,7,Lucas,22,04,03/10/2023,25/11/2023,0,976
Singapour,Chine,179,1,Dupont,19,03,14/08/2024,26/09/2024,0,977
Lyon,Chine,74,8,Elliott,12,02,26/02/2023,28/03/2023,0,978
Paris,Chine,1224,6,Wadii,07,00,25/03/2024,25/04/2024,0,979
Avignon,France,731,7,Lucas,05,03,11/10/2023,23/11/2023,0,980
Madrid,Allemagne,1441,5,Seb,11,05,21/11/2024,28/12/2024,0,981
Renne,Canada,646,1,Dupont,10,01,18/03/2024,27/04/2024,0,982
Gabon,Suede,1960,6,Wadii,02,01,02/02/2023,27/03/2023,0,983
Beaune,Espagne,595,7,Lucas,01,04,20/06/2023,28/07/2023,0,984
Singapour,Canada,1881,7,Lucas,13,04,24/05/2023,28/06/2023,0,985
Vaison,Canada,204,1,Dupont,05,03,04/12/2024,23/01/2025,0,986
Londres,Canada,1611,2,Martin,06,04,03/03/2024,21/04/2024,0,987
Lyon,Espagne,802,3,Tremblay,22,02,05/04/2024,25/05/2024,0,988
Reims,France,183,1,Dupont,21,02,16/01/2023,21/02/2023,0,989
Londres,Allemagne,1777,2,Martin,17,03,15/11/2024,27/12/2024,0,990
Orange,Portugal,681,7,Lucas,15,02,22/02/2023,25/03/2023,0,991
Gabon,Suede,870,2,Martin,04,01,02/06/2023,28/07/2023,0,992
Entrechaux,Allemagne,1335,6,Wadii,06,05,05/01/2024,18/02/2024,0,993
Dublin,Espagne,1622,7,Lucas,21,00,13/08/2023,25/09/2023,0,994
Avignon,Espagne,1186,3,Tremblay,21,04,21/06/2023,23/07/2023,0,995
Vaison,Italie,322,8,Elliott,25,03,25/10/2023,28/11/2023,0,996
Singapour,Suisse,1599,7,Lucas,17,04,18/04/2024,27/05/2024,0,997
Lyon,Italie,599,2,Martin,24,04,01/03/2024,04/04/2024,0,998

